"accession","species","tissue"
"ENCFF002OCI","Mus_musculus","stomach"
"ENCFF004CIO","Mus_musculus","liver"
"ENCFF006EUF","Mus_musculus","kidney"
"ENCFF007HEF","Mus_musculus","liver"
"ENCFF009QVV","Mus_musculus","liver"
"ENCFF010QRA","Homo_sapiens","cerebellum"
"ENCFF011CZX","Mus_musculus","liver"
"ENCFF013BZI","Mus_musculus","stomach"
"ENCFF013EWJ","Mus_musculus","liver"
"ENCFF014GVW","Mus_musculus","stomach"
"ENCFF015HCS","Mus_musculus","kidney"
"ENCFF016UWL","Mus_musculus","liver"
"ENCFF017SHZ","Mus_musculus","stomach"
"ENCFF018QWT","Mus_musculus","stomach"
"ENCFF018UEW","Mus_musculus","kidney"
"ENCFF021FNS","Mus_musculus","stomach"
"ENCFF021GRI","Mus_musculus","kidney"
"ENCFF021JKS","Mus_musculus","cerebellum"
"ENCFF022GTH","Homo_sapiens","liver"
"ENCFF024JWR","Mus_musculus","stomach"
"ENCFF025DWO","Mus_musculus","liver"
"ENCFF025YLE","Mus_musculus","lung"
"ENCFF028APW","Homo_sapiens","stomach"
"ENCFF028CAI","Homo_sapiens","stomach"
"ENCFF029AVH","Mus_musculus","kidney"
"ENCFF031TMU","Mus_musculus","stomach"
"ENCFF032VWW","Mus_musculus","cerebellum"
"ENCFF033YBG","Mus_musculus","stomach"
"ENCFF035JSR","Mus_musculus","kidney"
"ENCFF035OMK","Mus_musculus","liver"
"ENCFF035OZJ","Homo_sapiens","lung"
"ENCFF036GSZ","Mus_musculus","liver"
"ENCFF036PIV","Mus_musculus","liver"
"ENCFF036RNM","Mus_musculus","kidney"
"ENCFF038RYW","Mus_musculus","liver"
"ENCFF038WIB","Mus_musculus","liver"
"ENCFF038XRU","Mus_musculus","kidney"
"ENCFF039DFM","Homo_sapiens","lung"
"ENCFF042RGD","Mus_musculus","stomach"
"ENCFF042TEC","Mus_musculus","kidney"
"ENCFF044CNS","Mus_musculus","lung"
"ENCFF044URH","Mus_musculus","lung"
"ENCFF045XJN","Mus_musculus","lung"
"ENCFF046NEJ","Mus_musculus","kidney"
"ENCFF046URS","Mus_musculus","cerebellum"
"ENCFF049CMP","Mus_musculus","kidney"
"ENCFF049LZF","Mus_musculus","lung"
"ENCFF051OFP","Mus_musculus","liver"
"ENCFF051QSE","Mus_musculus","liver"
"ENCFF052NMT","Mus_musculus","stomach"
"ENCFF052OYS","Homo_sapiens","liver"
"ENCFF055HYI","Mus_musculus","kidney"
"ENCFF055IQW","Mus_musculus","liver"
"ENCFF055YCZ","Mus_musculus","stomach"
"ENCFF057NBK","Homo_sapiens","stomach"
"ENCFF057XST","Homo_sapiens","cerebellum"
"ENCFF057ZFW","Homo_sapiens","kidney"
"ENCFF060SVG","Mus_musculus","liver"
"ENCFF062OME","Mus_musculus","liver"
"ENCFF063ZRU","Mus_musculus","liver"
"ENCFF067HFE","Homo_sapiens","cerebellum"
"ENCFF067QMK","Mus_musculus","liver"
"ENCFF068DQL","Mus_musculus","lung"
"ENCFF068HOE","Mus_musculus","kidney"
"ENCFF068ZZZ","Homo_sapiens","lung"
"ENCFF069JJR","Mus_musculus","liver"
"ENCFF069SZE","Homo_sapiens","stomach"
"ENCFF071NUY","Mus_musculus","stomach"
"ENCFF072JUZ","Mus_musculus","stomach"
"ENCFF073VHH","Mus_musculus","kidney"
"ENCFF074XPH","Mus_musculus","liver"
"ENCFF075PGQ","Mus_musculus","liver"
"ENCFF076ICC","Mus_musculus","liver"
"ENCFF077FTL","Mus_musculus","liver"
"ENCFF077GNS","Mus_musculus","kidney"
"ENCFF079BWB","Mus_musculus","lung"
"ENCFF080FVG","Mus_musculus","stomach"
"ENCFF080QJP","Mus_musculus","cerebellum"
"ENCFF081HFB","Mus_musculus","liver"
"ENCFF081TTU","Mus_musculus","liver"
"ENCFF081WNU","Homo_sapiens","cerebellum"
"ENCFF082LUP","Mus_musculus","cerebellum"
"ENCFF084TXQ","Mus_musculus","kidney"
"ENCFF085XLU","Homo_sapiens","liver"
"ENCFF087IDL","Mus_musculus","liver"
"ENCFF087LYN","Mus_musculus","cerebellum"
"ENCFF093MLN","Mus_musculus","kidney"
"ENCFF093YCO","Mus_musculus","liver"
"ENCFF094YCP","Mus_musculus","liver"
"ENCFF095KZL","Mus_musculus","stomach"
"ENCFF096RJT","Mus_musculus","stomach"
"ENCFF097ZUJ","Mus_musculus","stomach"
"ENCFF099LUG","Mus_musculus","stomach"
"ENCFF100UMO","Mus_musculus","liver"
"ENCFF100YMT","Mus_musculus","kidney"
"ENCFF106WBX","Homo_sapiens","liver"
"ENCFF107DXU","Mus_musculus","stomach"
"ENCFF107ILF","Homo_sapiens","lung"
"ENCFF107NUV","Mus_musculus","liver"
"ENCFF109LQF","Mus_musculus","liver"
"ENCFF111JBV","Homo_sapiens","cerebellum"
"ENCFF111KJA","Mus_musculus","liver"
"ENCFF111KUY","Mus_musculus","lung"
"ENCFF113QEB","Mus_musculus","kidney"
"ENCFF114WRE","Homo_sapiens","cerebellum"
"ENCFF117BTA","Mus_musculus","cerebellum"
"ENCFF117TPW","Mus_musculus","kidney"
"ENCFF119NKW","Mus_musculus","liver"
"ENCFF121NFT","Homo_sapiens","liver"
"ENCFF126SFJ","Mus_musculus","kidney"
"ENCFF128LGT","Mus_musculus","liver"
"ENCFF128NIW","Mus_musculus","liver"
"ENCFF131RVN","Homo_sapiens","lung"
"ENCFF133CAX","Mus_musculus","liver"
"ENCFF133QIN","Mus_musculus","stomach"
"ENCFF133VPS","Mus_musculus","liver"
"ENCFF135HAX","Mus_musculus","stomach"
"ENCFF136AEE","Homo_sapiens","kidney"
"ENCFF138PZQ","Mus_musculus","lung"
"ENCFF139JJY","Homo_sapiens","stomach"
"ENCFF139PQA","Mus_musculus","lung"
"ENCFF143IYU","Mus_musculus","liver"
"ENCFF144HIW","Mus_musculus","kidney"
"ENCFF146AZT","Mus_musculus","liver"
"ENCFF146CZD","Mus_musculus","kidney"
"ENCFF146NEP","Homo_sapiens","liver"
"ENCFF146ZCO","Mus_musculus","liver"
"ENCFF148WZE","Mus_musculus","kidney"
"ENCFF149IVU","Mus_musculus","stomach"
"ENCFF149LHJ","Mus_musculus","kidney"
"ENCFF150BVC","Mus_musculus","lung"
"ENCFF152PJC","Mus_musculus","liver"
"ENCFF152WBR","Mus_musculus","liver"
"ENCFF153TGZ","Mus_musculus","kidney"
"ENCFF154GXJ","Mus_musculus","kidney"
"ENCFF155RBY","Mus_musculus","lung"
"ENCFF158HGF","Mus_musculus","stomach"
"ENCFF159HYY","Mus_musculus","liver"
"ENCFF160VHY","Homo_sapiens","cerebellum"
"ENCFF161CWM","Homo_sapiens","lung"
"ENCFF163CIG","Mus_musculus","kidney"
"ENCFF163YZG","Mus_musculus","liver"
"ENCFF164IXK","Mus_musculus","liver"
"ENCFF164PYL","Mus_musculus","lung"
"ENCFF167XFW","Homo_sapiens","kidney"
"ENCFF168MUO","Mus_musculus","kidney"
"ENCFF168WUC","Mus_musculus","liver"
"ENCFF169TCC","Mus_musculus","liver"
"ENCFF169UCZ","Homo_sapiens","stomach"
"ENCFF171RXE","Mus_musculus","kidney"
"ENCFF172FNI","Mus_musculus","stomach"
"ENCFF172ZYN","Mus_musculus","liver"
"ENCFF176IZG","Mus_musculus","liver"
"ENCFF176UUW","Mus_musculus","stomach"
"ENCFF179ZMB","Mus_musculus","stomach"
"ENCFF183HKJ","Mus_musculus","liver"
"ENCFF183ZJB","Mus_musculus","stomach"
"ENCFF186FUQ","Homo_sapiens","lung"
"ENCFF187APF","Mus_musculus","liver"
"ENCFF187MRS","Mus_musculus","kidney"
"ENCFF187TFB","Mus_musculus","cerebellum"
"ENCFF188EFQ","Mus_musculus","liver"
"ENCFF192JLE","Mus_musculus","liver"
"ENCFF194AWB","Mus_musculus","stomach"
"ENCFF195YSJ","Mus_musculus","stomach"
"ENCFF196ERT","Homo_sapiens","kidney"
"ENCFF196PJB","Mus_musculus","kidney"
"ENCFF197LYV","Mus_musculus","liver"
"ENCFF198QIW","Homo_sapiens","lung"
"ENCFF199LFB","Mus_musculus","liver"
"ENCFF199QEJ","Mus_musculus","lung"
"ENCFF200ZJO","Homo_sapiens","liver"
"ENCFF201HYP","Mus_musculus","stomach"
"ENCFF202VQC","Mus_musculus","kidney"
"ENCFF203DOC","Mus_musculus","lung"
"ENCFF203LPK","Mus_musculus","kidney"
"ENCFF204EVA","Mus_musculus","lung"
"ENCFF205KMP","Mus_musculus","kidney"
"ENCFF208ZFY","Mus_musculus","liver"
"ENCFF209DQR","Mus_musculus","lung"
"ENCFF210HIS","Homo_sapiens","lung"
"ENCFF210SKW","Mus_musculus","lung"
"ENCFF211CYF","Mus_musculus","liver"
"ENCFF211VPG","Mus_musculus","stomach"
"ENCFF212RVS","Mus_musculus","kidney"
"ENCFF213RCP","Mus_musculus","liver"
"ENCFF215ATB","Mus_musculus","liver"
"ENCFF215SXR","Mus_musculus","liver"
"ENCFF219LIH","Mus_musculus","kidney"
"ENCFF220BEC","Mus_musculus","stomach"
"ENCFF222FJN","Mus_musculus","kidney"
"ENCFF224LMA","Mus_musculus","lung"
"ENCFF224TAO","Mus_musculus","lung"
"ENCFF225OWQ","Mus_musculus","liver"
"ENCFF226ARD","Mus_musculus","stomach"
"ENCFF227LZB","Mus_musculus","liver"
"ENCFF230SYM","Homo_sapiens","lung"
"ENCFF232DPD","Homo_sapiens","cerebellum"
"ENCFF232WSN","Mus_musculus","liver"
"ENCFF235TUG","Mus_musculus","stomach"
"ENCFF235USZ","Mus_musculus","kidney"
"ENCFF238AZB","Mus_musculus","stomach"
"ENCFF238HFW","Homo_sapiens","lung"
"ENCFF239YXI","Mus_musculus","stomach"
"ENCFF241BAL","Mus_musculus","liver"
"ENCFF241EXE","Homo_sapiens","stomach"
"ENCFF241PZJ","Mus_musculus","liver"
"ENCFF242NIK","Mus_musculus","liver"
"ENCFF243ROW","Mus_musculus","liver"
"ENCFF244BWB","Mus_musculus","lung"
"ENCFF244DRQ","Homo_sapiens","stomach"
"ENCFF246HFB","Mus_musculus","kidney"
"ENCFF247NDZ","Mus_musculus","liver"
"ENCFF248TEI","Mus_musculus","stomach"
"ENCFF248THY","Mus_musculus","lung"
"ENCFF250VSI","Mus_musculus","liver"
"ENCFF251OST","Mus_musculus","kidney"
"ENCFF255VAI","Mus_musculus","liver"
"ENCFF257SKQ","Mus_musculus","liver"
"ENCFF260GPQ","Mus_musculus","stomach"
"ENCFF260QGF","Homo_sapiens","lung"
"ENCFF262KZO","Mus_musculus","lung"
"ENCFF263KKI","Mus_musculus","cerebellum"
"ENCFF265GEO","Homo_sapiens","kidney"
"ENCFF269IDG","Mus_musculus","kidney"
"ENCFF269YOD","Mus_musculus","lung"
"ENCFF270UXJ","Mus_musculus","liver"
"ENCFF275VGV","Mus_musculus","stomach"
"ENCFF277VGZ","Mus_musculus","liver"
"ENCFF278TGB","Mus_musculus","liver"
"ENCFF280DDH","Mus_musculus","lung"
"ENCFF281QKD","Homo_sapiens","stomach"
"ENCFF281ZPS","Mus_musculus","stomach"
"ENCFF282PBS","Mus_musculus","liver"
"ENCFF283CDK","Mus_musculus","kidney"
"ENCFF284JXB","Mus_musculus","lung"
"ENCFF284RVJ","Mus_musculus","kidney"
"ENCFF285NRY","Mus_musculus","stomach"
"ENCFF285TDM","Mus_musculus","liver"
"ENCFF285TRC","Mus_musculus","stomach"
"ENCFF288CVJ","Mus_musculus","liver"
"ENCFF289KOI","Mus_musculus","liver"
"ENCFF290ZBP","Mus_musculus","liver"
"ENCFF294UBR","Mus_musculus","liver"
"ENCFF298EDN","Mus_musculus","stomach"
"ENCFF300KHX","Homo_sapiens","stomach"
"ENCFF300LZD","Mus_musculus","cerebellum"
"ENCFF304JEB","Mus_musculus","liver"
"ENCFF305LDI","Mus_musculus","liver"
"ENCFF305LXK","Mus_musculus","liver"
"ENCFF307SUM","Mus_musculus","kidney"
"ENCFF308NVD","Mus_musculus","kidney"
"ENCFF310DVL","Mus_musculus","stomach"
"ENCFF310QWH","Mus_musculus","liver"
"ENCFF310RKB","Mus_musculus","cerebellum"
"ENCFF310SJV","Mus_musculus","kidney"
"ENCFF314AXY","Mus_musculus","kidney"
"ENCFF317DLR","Mus_musculus","kidney"
"ENCFF317GMI","Mus_musculus","liver"
"ENCFF318JFK","Mus_musculus","liver"
"ENCFF319SEI","Mus_musculus","cerebellum"
"ENCFF321HKU","Mus_musculus","liver"
"ENCFF321KMJ","Mus_musculus","kidney"
"ENCFF322LVG","Mus_musculus","stomach"
"ENCFF324JWA","Mus_musculus","stomach"
"ENCFF324THC","Mus_musculus","cerebellum"
"ENCFF325NMV","Mus_musculus","liver"
"ENCFF325WHL","Mus_musculus","kidney"
"ENCFF326PPN","Mus_musculus","kidney"
"ENCFF326XJM","Homo_sapiens","stomach"
"ENCFF326XUT","Mus_musculus","kidney"
"ENCFF327YJH","Homo_sapiens","liver"
"ENCFF328HKL","Mus_musculus","liver"
"ENCFF329SPM","Mus_musculus","cerebellum"
"ENCFF329VCX","Mus_musculus","liver"
"ENCFF330ZRI","Homo_sapiens","kidney"
"ENCFF331GRY","Mus_musculus","liver"
"ENCFF331KWS","Mus_musculus","liver"
"ENCFF332AFX","Mus_musculus","stomach"
"ENCFF338CVG","Mus_musculus","stomach"
"ENCFF340WOK","Mus_musculus","kidney"
"ENCFF340ZGH","Homo_sapiens","liver"
"ENCFF341HRL","Mus_musculus","liver"
"ENCFF342HUD","Mus_musculus","kidney"
"ENCFF346CDZ","Homo_sapiens","stomach"
"ENCFF347LGY","Mus_musculus","cerebellum"
"ENCFF349IJO","Mus_musculus","kidney"
"ENCFF349RHV","Mus_musculus","liver"
"ENCFF352YHO","Mus_musculus","liver"
"ENCFF353PCS","Homo_sapiens","kidney"
"ENCFF356NGO","Mus_musculus","kidney"
"ENCFF357KUY","Mus_musculus","stomach"
"ENCFF357MTG","Mus_musculus","kidney"
"ENCFF359GBF","Mus_musculus","lung"
"ENCFF360MVK","Mus_musculus","liver"
"ENCFF361TJS","Mus_musculus","stomach"
"ENCFF362ALT","Mus_musculus","liver"
"ENCFF363HQJ","Mus_musculus","kidney"
"ENCFF365OXE","Mus_musculus","kidney"
"ENCFF366EFR","Mus_musculus","lung"
"ENCFF366PDF","Mus_musculus","stomach"
"ENCFF367RKA","Mus_musculus","stomach"
"ENCFF368SUV","Mus_musculus","kidney"
"ENCFF368VLY","Homo_sapiens","stomach"
"ENCFF370OFA","Mus_musculus","lung"
"ENCFF371YQL","Mus_musculus","stomach"
"ENCFF376JQK","Mus_musculus","lung"
"ENCFF377MMA","Homo_sapiens","liver"
"ENCFF379TUH","Mus_musculus","kidney"
"ENCFF380LCZ","Mus_musculus","stomach"
"ENCFF381SVX","Mus_musculus","lung"
"ENCFF382CMV","Mus_musculus","liver"
"ENCFF385MYQ","Mus_musculus","liver"
"ENCFF385RNA","Mus_musculus","lung"
"ENCFF385VAO","Mus_musculus","kidney"
"ENCFF388YMS","Mus_musculus","liver"
"ENCFF389ETY","Mus_musculus","liver"
"ENCFF389HVM","Mus_musculus","kidney"
"ENCFF389JBE","Mus_musculus","liver"
"ENCFF389JHI","Mus_musculus","liver"
"ENCFF389TDG","Mus_musculus","stomach"
"ENCFF391DJV","Mus_musculus","stomach"
"ENCFF391WTC","Mus_musculus","kidney"
"ENCFF392DSR","Mus_musculus","stomach"
"ENCFF394OCS","Mus_musculus","lung"
"ENCFF395EDU","Mus_musculus","kidney"
"ENCFF395HGS","Homo_sapiens","kidney"
"ENCFF395IGM","Mus_musculus","stomach"
"ENCFF395KLV","Mus_musculus","liver"
"ENCFF395TZD","Mus_musculus","stomach"
"ENCFF398PBL","Mus_musculus","liver"
"ENCFF399IYG","Mus_musculus","liver"
"ENCFF399KKU","Mus_musculus","liver"
"ENCFF400BCR","Mus_musculus","kidney"
"ENCFF400PMP","Mus_musculus","stomach"
"ENCFF401BGN","Mus_musculus","liver"
"ENCFF401WRR","Mus_musculus","lung"
"ENCFF404BIF","Mus_musculus","kidney"
"ENCFF404QVP","Mus_musculus","cerebellum"
"ENCFF406MNW","Mus_musculus","kidney"
"ENCFF407FOM","Mus_musculus","kidney"
"ENCFF407PIL","Mus_musculus","stomach"
"ENCFF408UYJ","Mus_musculus","liver"
"ENCFF409BPW","Mus_musculus","liver"
"ENCFF409EIF","Mus_musculus","kidney"
"ENCFF409JYK","Mus_musculus","cerebellum"
"ENCFF409QII","Mus_musculus","stomach"
"ENCFF409XPM","Mus_musculus","lung"
"ENCFF410YGW","Mus_musculus","kidney"
"ENCFF413FMO","Mus_musculus","kidney"
"ENCFF413HET","Mus_musculus","kidney"
"ENCFF414PDU","Mus_musculus","stomach"
"ENCFF415RKU","Homo_sapiens","stomach"
"ENCFF415SIT","Mus_musculus","kidney"
"ENCFF419LXL","Mus_musculus","stomach"
"ENCFF419PZT","Mus_musculus","liver"
"ENCFF419SOV","Homo_sapiens","kidney"
"ENCFF421YAC","Mus_musculus","liver"
"ENCFF424EWG","Mus_musculus","stomach"
"ENCFF425ONB","Homo_sapiens","lung"
"ENCFF425VDH","Mus_musculus","lung"
"ENCFF427HTC","Mus_musculus","lung"
"ENCFF430LEZ","Mus_musculus","liver"
"ENCFF430VEQ","Homo_sapiens","stomach"
"ENCFF432EKD","Mus_musculus","liver"
"ENCFF432UIG","Mus_musculus","stomach"
"ENCFF433XDF","Mus_musculus","kidney"
"ENCFF435JGG","Homo_sapiens","liver"
"ENCFF435PTI","Mus_musculus","lung"
"ENCFF437GNH","Mus_musculus","lung"
"ENCFF440IDQ","Homo_sapiens","lung"
"ENCFF442KCP","Mus_musculus","stomach"
"ENCFF443CNR","Mus_musculus","stomach"
"ENCFF443PRW","Mus_musculus","liver"
"ENCFF446XWP","Mus_musculus","kidney"
"ENCFF447BVP","Mus_musculus","stomach"
"ENCFF447UQW","Mus_musculus","stomach"
"ENCFF448CFJ","Mus_musculus","lung"
"ENCFF449OFP","Mus_musculus","kidney"
"ENCFF450YYQ","Mus_musculus","liver"
"ENCFF451OAM","Mus_musculus","liver"
"ENCFF451UFN","Mus_musculus","cerebellum"
"ENCFF453XGY","Mus_musculus","lung"
"ENCFF454RKA","Mus_musculus","lung"
"ENCFF455LLD","Mus_musculus","stomach"
"ENCFF455SAX","Mus_musculus","liver"
"ENCFF456HCD","Mus_musculus","liver"
"ENCFF456QXH","Mus_musculus","cerebellum"
"ENCFF457XBG","Mus_musculus","stomach"
"ENCFF458BLU","Mus_musculus","liver"
"ENCFF459FTD","Homo_sapiens","lung"
"ENCFF459ZEM","Mus_musculus","lung"
"ENCFF461ARO","Mus_musculus","kidney"
"ENCFF461DWM","Mus_musculus","liver"
"ENCFF461GZI","Homo_sapiens","kidney"
"ENCFF463ARQ","Mus_musculus","liver"
"ENCFF463IAC","Mus_musculus","liver"
"ENCFF468JDL","Mus_musculus","stomach"
"ENCFF468ZJM","Mus_musculus","liver"
"ENCFF469YZA","Mus_musculus","stomach"
"ENCFF470CZJ","Mus_musculus","liver"
"ENCFF471NMN","Mus_musculus","liver"
"ENCFF472AIH","Mus_musculus","lung"
"ENCFF472VLA","Mus_musculus","liver"
"ENCFF472XND","Mus_musculus","liver"
"ENCFF474TZO","Homo_sapiens","kidney"
"ENCFF477SZP","Mus_musculus","kidney"
"ENCFF477WHD","Mus_musculus","liver"
"ENCFF478LVH","Homo_sapiens","cerebellum"
"ENCFF478ZNT","Mus_musculus","lung"
"ENCFF479CWC","Mus_musculus","liver"
"ENCFF479MUA","Homo_sapiens","liver"
"ENCFF482LTD","Mus_musculus","cerebellum"
"ENCFF484TGR","Mus_musculus","stomach"
"ENCFF487LJH","Mus_musculus","liver"
"ENCFF488BRH","Homo_sapiens","liver"
"ENCFF489ORF","Homo_sapiens","cerebellum"
"ENCFF489XAT","Mus_musculus","liver"
"ENCFF492WGC","Homo_sapiens","stomach"
"ENCFF493KQI","Homo_sapiens","kidney"
"ENCFF493TJM","Mus_musculus","stomach"
"ENCFF494CDB","Homo_sapiens","lung"
"ENCFF495AWE","Mus_musculus","kidney"
"ENCFF495CJT","Mus_musculus","liver"
"ENCFF495TYY","Homo_sapiens","lung"
"ENCFF496TLG","Mus_musculus","lung"
"ENCFF498GZN","Mus_musculus","stomach"
"ENCFF501GHZ","Mus_musculus","stomach"
"ENCFF502VLM","Mus_musculus","lung"
"ENCFF504EBV","Mus_musculus","kidney"
"ENCFF507JGW","Mus_musculus","stomach"
"ENCFF507PMH","Mus_musculus","liver"
"ENCFF507ZEN","Mus_musculus","liver"
"ENCFF509EFK","Mus_musculus","liver"
"ENCFF509TIG","Mus_musculus","lung"
"ENCFF514NEW","Mus_musculus","kidney"
"ENCFF515IHW","Mus_musculus","kidney"
"ENCFF515NPO","Mus_musculus","stomach"
"ENCFF516RWX","Homo_sapiens","liver"
"ENCFF516SHZ","Mus_musculus","stomach"
"ENCFF516VPP","Mus_musculus","cerebellum"
"ENCFF517JOD","Mus_musculus","liver"
"ENCFF518ZUI","Mus_musculus","liver"
"ENCFF519GFX","Mus_musculus","kidney"
"ENCFF520LZN","Homo_sapiens","cerebellum"
"ENCFF521DVN","Mus_musculus","kidney"
"ENCFF521ITF","Homo_sapiens","stomach"
"ENCFF523IZH","Homo_sapiens","liver"
"ENCFF525IDA","Mus_musculus","kidney"
"ENCFF525KUY","Mus_musculus","kidney"
"ENCFF525TFO","Mus_musculus","stomach"
"ENCFF527JTS","Mus_musculus","liver"
"ENCFF527KZC","Mus_musculus","stomach"
"ENCFF528INY","Mus_musculus","liver"
"ENCFF528WNO","Mus_musculus","stomach"
"ENCFF530YDY","Mus_musculus","stomach"
"ENCFF531JGY","Mus_musculus","kidney"
"ENCFF535CTV","Mus_musculus","kidney"
"ENCFF535WOY","Mus_musculus","liver"
"ENCFF538FRN","Mus_musculus","kidney"
"ENCFF538ILW","Mus_musculus","kidney"
"ENCFF539XOU","Mus_musculus","liver"
"ENCFF540HWE","Mus_musculus","lung"
"ENCFF541PZF","Mus_musculus","stomach"
"ENCFF541TWI","Mus_musculus","kidney"
"ENCFF541YRE","Homo_sapiens","cerebellum"
"ENCFF543AFT","Mus_musculus","stomach"
"ENCFF544XTJ","Mus_musculus","liver"
"ENCFF545MGJ","Mus_musculus","stomach"
"ENCFF547ALY","Mus_musculus","kidney"
"ENCFF547YMO","Homo_sapiens","liver"
"ENCFF548KDI","Mus_musculus","liver"
"ENCFF548KDV","Mus_musculus","kidney"
"ENCFF549JQH","Mus_musculus","liver"
"ENCFF549WAH","Homo_sapiens","kidney"
"ENCFF550FMX","Mus_musculus","stomach"
"ENCFF550NVA","Mus_musculus","liver"
"ENCFF550QJT","Mus_musculus","liver"
"ENCFF551NLD","Mus_musculus","kidney"
"ENCFF552SPT","Mus_musculus","lung"
"ENCFF554OQG","Mus_musculus","stomach"
"ENCFF555HMR","Mus_musculus","liver"
"ENCFF556QWC","Mus_musculus","stomach"
"ENCFF557ONH","Mus_musculus","cerebellum"
"ENCFF559JUY","Mus_musculus","lung"
"ENCFF559XMP","Mus_musculus","stomach"
"ENCFF560NYT","Mus_musculus","lung"
"ENCFF562PZC","Mus_musculus","stomach"
"ENCFF562QRD","Homo_sapiens","kidney"
"ENCFF563TRA","Mus_musculus","kidney"
"ENCFF563ZWH","Mus_musculus","liver"
"ENCFF565NOC","Mus_musculus","liver"
"ENCFF565XQE","Mus_musculus","liver"
"ENCFF570IJL","Mus_musculus","kidney"
"ENCFF570NCA","Mus_musculus","liver"
"ENCFF571AIO","Mus_musculus","liver"
"ENCFF571NZA","Homo_sapiens","kidney"
"ENCFF572DFB","Mus_musculus","lung"
"ENCFF572ZYX","Mus_musculus","kidney"
"ENCFF573TTZ","Mus_musculus","liver"
"ENCFF573ZOR","Mus_musculus","kidney"
"ENCFF574QYF","Mus_musculus","lung"
"ENCFF576WIS","Mus_musculus","kidney"
"ENCFF577PBY","Mus_musculus","kidney"
"ENCFF577UJE","Mus_musculus","cerebellum"
"ENCFF577XAL","Mus_musculus","lung"
"ENCFF581SHO","Mus_musculus","lung"
"ENCFF582DVH","Mus_musculus","stomach"
"ENCFF583KRZ","Homo_sapiens","kidney"
"ENCFF583OFO","Mus_musculus","lung"
"ENCFF583YQU","Mus_musculus","liver"
"ENCFF585CEV","Mus_musculus","liver"
"ENCFF585RDW","Mus_musculus","stomach"
"ENCFF585VXE","Mus_musculus","lung"
"ENCFF586TEQ","Mus_musculus","liver"
"ENCFF589OLZ","Mus_musculus","liver"
"ENCFF589ZNO","Homo_sapiens","cerebellum"
"ENCFF590RYV","Mus_musculus","kidney"
"ENCFF591SWN","Mus_musculus","liver"
"ENCFF592SOL","Mus_musculus","liver"
"ENCFF594YOK","Mus_musculus","liver"
"ENCFF599FUW","Homo_sapiens","kidney"
"ENCFF599TJR","Mus_musculus","liver"
"ENCFF601PGM","Homo_sapiens","stomach"
"ENCFF601QOX","Mus_musculus","stomach"
"ENCFF603UFF","Mus_musculus","kidney"
"ENCFF606DRR","Mus_musculus","cerebellum"
"ENCFF607BGW","Mus_musculus","lung"
"ENCFF613YVK","Mus_musculus","kidney"
"ENCFF614EDS","Mus_musculus","kidney"
"ENCFF618OJP","Mus_musculus","liver"
"ENCFF619YCE","Mus_musculus","liver"
"ENCFF620UDO","Mus_musculus","stomach"
"ENCFF631ZAK","Mus_musculus","lung"
"ENCFF632GVF","Mus_musculus","liver"
"ENCFF634UPL","Mus_musculus","lung"
"ENCFF635EAE","Mus_musculus","liver"
"ENCFF636JWE","Mus_musculus","lung"
"ENCFF640GAV","Mus_musculus","kidney"
"ENCFF640TJY","Mus_musculus","lung"
"ENCFF640ZNR","Homo_sapiens","liver"
"ENCFF643BVB","Mus_musculus","cerebellum"
"ENCFF643PXV","Mus_musculus","liver"
"ENCFF643RJC","Mus_musculus","stomach"
"ENCFF643SRL","Mus_musculus","liver"
"ENCFF646DID","Mus_musculus","stomach"
"ENCFF646JQE","Mus_musculus","liver"
"ENCFF650NXL","Mus_musculus","stomach"
"ENCFF650RDT","Mus_musculus","liver"
"ENCFF651NTT","Homo_sapiens","kidney"
"ENCFF651RIK","Mus_musculus","liver"
"ENCFF654QPP","Mus_musculus","liver"
"ENCFF654SUU","Homo_sapiens","liver"
"ENCFF655PRM","Mus_musculus","liver"
"ENCFF656BQK","Mus_musculus","lung"
"ENCFF657FRT","Mus_musculus","stomach"
"ENCFF658HGG","Mus_musculus","stomach"
"ENCFF661PFM","Mus_musculus","kidney"
"ENCFF661XFW","Mus_musculus","liver"
"ENCFF663ZMH","Mus_musculus","stomach"
"ENCFF666HCT","Mus_musculus","stomach"
"ENCFF667XVU","Mus_musculus","lung"
"ENCFF668DTL","Mus_musculus","kidney"
"ENCFF670AKD","Mus_musculus","liver"
"ENCFF670GZL","Mus_musculus","liver"
"ENCFF671EJH","Mus_musculus","kidney"
"ENCFF673DIS","Mus_musculus","cerebellum"
"ENCFF674MTJ","Mus_musculus","cerebellum"
"ENCFF675GVO","Mus_musculus","kidney"
"ENCFF675QOY","Homo_sapiens","stomach"
"ENCFF676BRT","Mus_musculus","liver"
"ENCFF677DDX","Mus_musculus","lung"
"ENCFF681QSY","Mus_musculus","lung"
"ENCFF684IEH","Mus_musculus","stomach"
"ENCFF684OOF","Mus_musculus","cerebellum"
"ENCFF685FIW","Mus_musculus","stomach"
"ENCFF685NXZ","Mus_musculus","lung"
"ENCFF687ATA","Mus_musculus","kidney"
"ENCFF688AJO","Homo_sapiens","lung"
"ENCFF688ZFD","Mus_musculus","liver"
"ENCFF689VXG","Mus_musculus","stomach"
"ENCFF690HYA","Mus_musculus","kidney"
"ENCFF690KPF","Mus_musculus","liver"
"ENCFF691YSL","Mus_musculus","stomach"
"ENCFF693GDO","Mus_musculus","liver"
"ENCFF693YBX","Homo_sapiens","liver"
"ENCFF695CYM","Homo_sapiens","kidney"
"ENCFF695MAM","Mus_musculus","liver"
"ENCFF695XVX","Mus_musculus","kidney"
"ENCFF696IBU","Mus_musculus","cerebellum"
"ENCFF697GCP","Mus_musculus","liver"
"ENCFF698RCC","Mus_musculus","liver"
"ENCFF698XOW","Mus_musculus","stomach"
"ENCFF699EIP","Mus_musculus","stomach"
"ENCFF699GSF","Mus_musculus","stomach"
"ENCFF702FQK","Mus_musculus","stomach"
"ENCFF702NAP","Mus_musculus","liver"
"ENCFF702NHY","Mus_musculus","lung"
"ENCFF705BQG","Mus_musculus","lung"
"ENCFF705MOD","Mus_musculus","lung"
"ENCFF708KGF","Mus_musculus","cerebellum"
"ENCFF708UPP","Mus_musculus","lung"
"ENCFF709YGS","Mus_musculus","stomach"
"ENCFF710DLX","Mus_musculus","lung"
"ENCFF711WTW","Mus_musculus","liver"
"ENCFF712FUM","Mus_musculus","lung"
"ENCFF712KSK","Mus_musculus","stomach"
"ENCFF713TFC","Mus_musculus","kidney"
"ENCFF717HRV","Mus_musculus","liver"
"ENCFF718KHE","Homo_sapiens","kidney"
"ENCFF719EIL","Mus_musculus","stomach"
"ENCFF722IFZ","Mus_musculus","kidney"
"ENCFF723WPE","Mus_musculus","liver"
"ENCFF724PFV","Mus_musculus","stomach"
"ENCFF724PGZ","Mus_musculus","kidney"
"ENCFF727FEQ","Mus_musculus","stomach"
"ENCFF728WFO","Mus_musculus","kidney"
"ENCFF731QEN","Mus_musculus","stomach"
"ENCFF734KKK","Mus_musculus","stomach"
"ENCFF735EZK","Mus_musculus","lung"
"ENCFF736XMG","Mus_musculus","liver"
"ENCFF737GCH","Mus_musculus","stomach"
"ENCFF737MQG","Mus_musculus","liver"
"ENCFF739UEM","Mus_musculus","liver"
"ENCFF744SEI","Homo_sapiens","lung"
"ENCFF745BKR","Mus_musculus","lung"
"ENCFF745EGO","Mus_musculus","stomach"
"ENCFF746DTE","Mus_musculus","lung"
"ENCFF748DMY","Mus_musculus","kidney"
"ENCFF751ZFC","Mus_musculus","lung"
"ENCFF754GKT","Mus_musculus","liver"
"ENCFF755BAD","Mus_musculus","stomach"
"ENCFF756NLZ","Mus_musculus","liver"
"ENCFF756RRU","Mus_musculus","stomach"
"ENCFF761DSZ","Mus_musculus","liver"
"ENCFF761QUT","Mus_musculus","kidney"
"ENCFF762FPZ","Mus_musculus","liver"
"ENCFF762IFP","Homo_sapiens","stomach"
"ENCFF762JJU","Mus_musculus","lung"
"ENCFF762ZBY","Mus_musculus","liver"
"ENCFF762ZYV","Mus_musculus","liver"
"ENCFF763EEB","Mus_musculus","kidney"
"ENCFF763GXP","Mus_musculus","kidney"
"ENCFF763HQH","Mus_musculus","lung"
"ENCFF764NTQ","Mus_musculus","liver"
"ENCFF765KXQ","Mus_musculus","liver"
"ENCFF765QFH","Mus_musculus","kidney"
"ENCFF766OPX","Homo_sapiens","stomach"
"ENCFF770CKW","Mus_musculus","kidney"
"ENCFF770CQD","Mus_musculus","liver"
"ENCFF770OAL","Mus_musculus","stomach"
"ENCFF772GVP","Mus_musculus","liver"
"ENCFF773JHU","Mus_musculus","liver"
"ENCFF777XWC","Mus_musculus","lung"
"ENCFF778NIX","Mus_musculus","liver"
"ENCFF779AHM","Mus_musculus","stomach"
"ENCFF780AKF","Mus_musculus","liver"
"ENCFF780YUK","Mus_musculus","liver"
"ENCFF782DET","Mus_musculus","lung"
"ENCFF786LRI","Mus_musculus","stomach"
"ENCFF788EQO","Mus_musculus","liver"
"ENCFF788XNX","Mus_musculus","liver"
"ENCFF793OOO","Mus_musculus","lung"
"ENCFF793QZJ","Mus_musculus","cerebellum"
"ENCFF798EMI","Mus_musculus","kidney"
"ENCFF799BPA","Mus_musculus","liver"
"ENCFF802HOR","Mus_musculus","lung"
"ENCFF802JNF","Mus_musculus","kidney"
"ENCFF806BHV","Mus_musculus","liver"
"ENCFF809PRS","Mus_musculus","liver"
"ENCFF810ZGD","Homo_sapiens","lung"
"ENCFF817OZO","Homo_sapiens","liver"
"ENCFF818EYD","Homo_sapiens","lung"
"ENCFF822EAJ","Mus_musculus","liver"
"ENCFF822VOQ","Mus_musculus","liver"
"ENCFF823PTD","Mus_musculus","lung"
"ENCFF823RLW","Mus_musculus","lung"
"ENCFF826QAM","Mus_musculus","kidney"
"ENCFF826QBW","Mus_musculus","kidney"
"ENCFF826QUN","Mus_musculus","lung"
"ENCFF826RCH","Mus_musculus","liver"
"ENCFF827GVE","Mus_musculus","liver"
"ENCFF828FBL","Mus_musculus","kidney"
"ENCFF828RWR","Mus_musculus","cerebellum"
"ENCFF828TIC","Mus_musculus","lung"
"ENCFF830GBI","Mus_musculus","cerebellum"
"ENCFF830TTS","Mus_musculus","liver"
"ENCFF835DXJ","Mus_musculus","stomach"
"ENCFF836EJZ","Mus_musculus","stomach"
"ENCFF837VPZ","Mus_musculus","liver"
"ENCFF838GTB","Mus_musculus","kidney"
"ENCFF838ZVF","Mus_musculus","kidney"
"ENCFF841ZHA","Homo_sapiens","stomach"
"ENCFF843NFP","Mus_musculus","liver"
"ENCFF845OZO","Homo_sapiens","kidney"
"ENCFF847DVN","Homo_sapiens","cerebellum"
"ENCFF847ZCI","Homo_sapiens","lung"
"ENCFF848NLJ","Mus_musculus","liver"
"ENCFF848RAI","Mus_musculus","liver"
"ENCFF849EPJ","Mus_musculus","lung"
"ENCFF850ETL","Mus_musculus","liver"
"ENCFF850EVW","Mus_musculus","stomach"
"ENCFF856AGF","Mus_musculus","cerebellum"
"ENCFF858CCP","Homo_sapiens","cerebellum"
"ENCFF858MEO","Homo_sapiens","lung"
"ENCFF858TZP","Homo_sapiens","stomach"
"ENCFF861CHD","Mus_musculus","kidney"
"ENCFF863FZP","Mus_musculus","liver"
"ENCFF864BWC","Mus_musculus","liver"
"ENCFF864CLA","Mus_musculus","liver"
"ENCFF866VGN","Mus_musculus","lung"
"ENCFF868ZCL","Homo_sapiens","stomach"
"ENCFF870QLX","Mus_musculus","lung"
"ENCFF871SYB","Mus_musculus","liver"
"ENCFF872BRQ","Homo_sapiens","stomach"
"ENCFF872IZI","Mus_musculus","lung"
"ENCFF872UNO","Homo_sapiens","liver"
"ENCFF873ASN","Homo_sapiens","stomach"
"ENCFF874GXD","Mus_musculus","liver"
"ENCFF878ZSR","Homo_sapiens","liver"
"ENCFF880EHI","Homo_sapiens","stomach"
"ENCFF880ZYB","Mus_musculus","stomach"
"ENCFF882CJR","Mus_musculus","lung"
"ENCFF882MMH","Mus_musculus","kidney"
"ENCFF883BFT","Mus_musculus","lung"
"ENCFF883QMV","Mus_musculus","cerebellum"
"ENCFF883SEZ","Mus_musculus","liver"
"ENCFF886PWO","Homo_sapiens","kidney"
"ENCFF888ZZV","Mus_musculus","liver"
"ENCFF890KZM","Mus_musculus","kidney"
"ENCFF892JFT","Mus_musculus","liver"
"ENCFF894ZND","Mus_musculus","liver"
"ENCFF895JZM","Mus_musculus","liver"
"ENCFF896HKX","Mus_musculus","cerebellum"
"ENCFF897GPF","Mus_musculus","lung"
"ENCFF898QLE","Mus_musculus","kidney"
"ENCFF899WIR","Mus_musculus","liver"
"ENCFF900ZEK","Mus_musculus","liver"
"ENCFF902HRA","Mus_musculus","kidney"
"ENCFF903KPF","Mus_musculus","stomach"
"ENCFF904CEW","Mus_musculus","cerebellum"
"ENCFF904NYZ","Mus_musculus","liver"
"ENCFF906NMD","Mus_musculus","liver"
"ENCFF906OSD","Mus_musculus","liver"
"ENCFF906PME","Homo_sapiens","stomach"
"ENCFF907CZS","Mus_musculus","stomach"
"ENCFF908IIB","Mus_musculus","lung"
"ENCFF911HQX","Mus_musculus","liver"
"ENCFF915HJU","Mus_musculus","liver"
"ENCFF917IIH","Mus_musculus","kidney"
"ENCFF918UXE","Homo_sapiens","kidney"
"ENCFF922JQA","Mus_musculus","lung"
"ENCFF924PWN","Mus_musculus","liver"
"ENCFF927WPW","Mus_musculus","lung"
"ENCFF928PPH","Homo_sapiens","kidney"
"ENCFF928ZJJ","Homo_sapiens","lung"
"ENCFF929LCA","Homo_sapiens","liver"
"ENCFF929LOH","Mus_musculus","liver"
"ENCFF932IWY","Mus_musculus","liver"
"ENCFF933AHJ","Homo_sapiens","lung"
"ENCFF934HOM","Mus_musculus","stomach"
"ENCFF936JKG","Mus_musculus","lung"
"ENCFF937NOO","Mus_musculus","liver"
"ENCFF938QXQ","Mus_musculus","kidney"
"ENCFF939IDD","Mus_musculus","liver"
"ENCFF941GMI","Mus_musculus","lung"
"ENCFF944CWK","Mus_musculus","stomach"
"ENCFF945URL","Mus_musculus","liver"
"ENCFF947BSX","Mus_musculus","lung"
"ENCFF949EKP","Homo_sapiens","cerebellum"
"ENCFF955SOT","Mus_musculus","liver"
"ENCFF957VLH","Mus_musculus","liver"
"ENCFF958YUR","Mus_musculus","kidney"
"ENCFF960SBH","Mus_musculus","kidney"
"ENCFF960XTJ","Mus_musculus","liver"
"ENCFF961JPB","Mus_musculus","stomach"
"ENCFF962HUU","Mus_musculus","liver"
"ENCFF962WEB","Mus_musculus","cerebellum"
"ENCFF964WYX","Mus_musculus","stomach"
"ENCFF966XQQ","Mus_musculus","lung"
"ENCFF967MGF","Mus_musculus","cerebellum"
"ENCFF969ODR","Mus_musculus","liver"
"ENCFF969WGB","Mus_musculus","stomach"
"ENCFF971ONK","Mus_musculus","cerebellum"
"ENCFF972EZP","Mus_musculus","liver"
"ENCFF972HKA","Mus_musculus","liver"
"ENCFF973KVG","Mus_musculus","kidney"
"ENCFF974NEA","Homo_sapiens","liver"
"ENCFF975SUE","Mus_musculus","liver"
"ENCFF979DGG","Mus_musculus","lung"
"ENCFF979TLW","Mus_musculus","kidney"
"ENCFF979XNR","Mus_musculus","kidney"
"ENCFF981LWJ","Mus_musculus","lung"
"ENCFF982RWB","Mus_musculus","liver"
"ENCFF982WKZ","Mus_musculus","kidney"
"ENCFF984KTB","Mus_musculus","kidney"
"ENCFF986USM","Mus_musculus","liver"
"ENCFF987EVS","Mus_musculus","liver"
"ENCFF989BEN","Mus_musculus","cerebellum"
"ENCFF991DNC","Mus_musculus","kidney"
"ENCFF991GBV","Mus_musculus","stomach"
"ENCFF991RKC","Mus_musculus","lung"
"ENCFF991WEC","Mus_musculus","kidney"
"ENCFF993HOX","Homo_sapiens","kidney"
"ENCFF994CJF","Mus_musculus","stomach"
"ENCFF995IBF","Mus_musculus","cerebellum"
"ENCFF995KDS","Mus_musculus","lung"
"ENCFF995MCX","Mus_musculus","liver"
"ENCFF996FBY","Mus_musculus","stomach"
"ENCFF996FLJ","Mus_musculus","lung"
"ENCFF996WFF","Homo_sapiens","liver"
"ENCFF997AUJ","Mus_musculus","stomach"
"ENCFF997WOW","Mus_musculus","lung"
"ENCFF999IJT","Mus_musculus","liver"
"ENCFF999QDY","Mus_musculus","kidney"
